{
  "allIPaddresses" : [ "172.28.15.74" ],
  "Pcinfos" : {
    "172.28.15.74" : {
      "IPAddress" : "172.28.15.74",
      "ClockSpeed" : 3228000000,
      "load_average" : 2.10009765625,
      "TotalMemory" : 4294967296,
      "FreeMemory" : 572872016,
      "CpuLoadPercent" : 0.48688524590163934,
      "agentnum" : 4
    }
  }
}