{
  "allIPaddresses" : [ "172.28.15.74" ],
  "Pcinfos" : {
    "172.28.15.74" : {
      "IPAddress" : "172.28.15.74",
      "ClockSpeed" : 3228000000,
      "load_average" : 3.46142578125,
      "FreeMemory" : 343920016,
      "CpuLoadPercent" : 0.42483660130718953,
      "agentnum" : 4
    }
  }
}