{
  "allIPaddresses" : [ "172.28.15.92" ],
  "Pcinfos" : {
    "172.28.15.92" : {
      "IPAddress" : "172.28.15.92",
      "ClockSpeed" : 3228000000,
      "load_average" : 2.74755859375,
      "FreeMemory" : 171413840,
      "CpuLoadPercent" : 0.7251655629139073,
      "agentnum" : 4
    }
  }
}